{"cameraMode":{"drawMode":0,"name":"Shaded","section":"Shading Mode"},"sceneLighting":true,"audioPlay":false,"sceneViewState":{"showFog":true,"showMaterialUpdate":false,"showSkybox":true,"showFlares":true,"showImageEffects":true,"showParticleSystems":true},"in2DMode":false,"pivot":{"x":-10.699071884155274,"y":-14.07583999633789,"z":-9.79642105102539},"rotation":{"x":0.330356627702713,"y":0.1436922401189804,"z":-0.051052771508693698,"w":0.9315399527549744},"size":34.0244140625,"orthographic":false}