{"cameraMode":{"drawMode":0,"name":"Shaded","section":"Shading Mode"},"sceneLighting":true,"audioPlay":false,"sceneViewState":{"showFog":true,"showMaterialUpdate":false,"showSkybox":true,"showFlares":true,"showImageEffects":true,"showParticleSystems":true},"in2DMode":false,"pivot":{"x":8.163677215576172,"y":-48.213592529296878,"z":24.818580627441408},"rotation":{"x":0.4667818248271942,"y":0.04555249214172363,"z":-0.024136587977409364,"w":0.8829582929611206},"size":99.88568115234375,"orthographic":false}