{"cameraMode":{"drawMode":0,"name":"Shaded","section":"Shading Mode"},"sceneLighting":true,"audioPlay":false,"sceneViewState":{"showFog":true,"showMaterialUpdate":false,"showSkybox":true,"showFlares":true,"showImageEffects":true,"showParticleSystems":true},"in2DMode":false,"pivot":{"x":35.01289749145508,"y":-16.229736328125,"z":33.251075744628909},"rotation":{"x":-0.2639603018760681,"y":-0.3202929198741913,"z":0.09352850168943405,"w":-0.9050717353820801},"size":45.92125701904297,"orthographic":false}