{"cameraMode":{"drawMode":0,"name":"Shaded","section":"Shading Mode"},"sceneLighting":false,"audioPlay":false,"sceneViewState":{"showFog":true,"showMaterialUpdate":false,"showSkybox":false,"showFlares":true,"showImageEffects":true,"showParticleSystems":true},"in2DMode":false,"pivot":{"x":76.12750244140625,"y":25.43826675415039,"z":-2.6418490409851076},"rotation":{"x":0.10968577116727829,"y":0.6729781627655029,"z":-0.10196349769830704,"w":0.7244507074356079},"size":13.946664810180664,"orthographic":false}